INSERT INTO person (person_number,first_name,last_name,zip,street,city)
VALUES
  ('19890819-8743','Linus','Hays','02176','Ap #565-4693 Cursus Rd.','Pematangsiantar'),
  ('19890402-1436','Gail','Waters','99225','178-2952 Parturient St.','Nasirabad'),
  ('19990127-0604','Lester','Hyde','92726','197-6121 Vel, St.','Ergani'),
  ('20010524-9213','Adara','Moses','48597','8594 Per Street','Utrecht'),
  ('19890129-2477','Lionel','Bowen','47873','735-5315 Non St.','Mataram'),
  ('19940908-9597','Katell','Elliott','57755','616-2326 Mi St.','Arequipa'),
  ('20160321-7017','Xantha','Cervantes','15515','P.O. Box 626, 4759 Donec Av.','Sungai Penuh'),
  ('20091229-5359','Maya','Baker','61447','Ap #935-4212 Lorem, Rd.','Cockburn'),
  ('19920102-6383','Levi','Aguirre','32721','Ap #286-9849 Proin Rd.','TrognŽe'),
  ('19870625-8467','Fritz','Pacheco','67327','Ap #864-1759 Morbi Street','Hebei');
INSERT INTO person (person_number,first_name,last_name,zip,street,city)
VALUES
  ('19810927-8609','Quentin','Mays','95519','839-7616 Rutrum St.','Daman'),
  ('20060530-2595','Joshua','Todd','78391','Ap #323-4332 Gravida. St.','Greenock'),
  ('19720805-7872','Maisie','Duke','16368','Ap #188-3116 Dolor. Street','Balikpapan'),
  ('19360815-7669','Callie','Beck','46458','2688 Sed Road','Boise'),
  ('19660605-2857','Althea','Vasquez','61337','8355 Sed Av.','San Cristóbal de las Casas'),
  ('19591216-1949','Hanae','Kemp','93405','622 Vehicula Road','Lagos'),
  ('19821203-4287','Gisela','Sawyer','24584','5326 Eu, Rd.','Uyo'),
  ('20050214-2987','Debra','Pope','46182','P.O. Box 835, 5465 Tempor, St.','Empangeni'),
  ('19500126-3788','Felix','Jacobs','90287','Ap #742-9386 Diam Rd.','Kahramanmaraş'),
  ('19370912-7892','Sydnee','Gross','25347','P.O. Box 269, 4523 Semper, Av.','Torreón');
INSERT INTO person (person_number,first_name,last_name,zip,street,city)
VALUES
  ('19600319-0193','Brooke','Gates','25143','777-6265 Lectus Ave','Sluis'),
  ('19930709-1885','Ross','Wilder','35329','340-3868 Rutrum Av.','Heusweiler'),
  ('19800420-5665','Christine','Carroll','02072','P.O. Box 994, 9443 Amet St.','Modakeke'),
  ('19680429-6272','Cally','Perez','84462','Ap #175-4684 Fringilla Rd.','Ceuta'),
  ('19730824-7340','Uriah','Knapp','55592','Ap #428-7503 Est, Rd.','Sarpsborg'),
  ('19880314-2036','Jeanette','Guerra','47416','Ap #310-1062 Vulputate St.','Villahermosa'),
  ('19901126-0180','Yuli','Blevins','45813','P.O. Box 576, 7122 Eu Road','Husum'),
  ('19710727-3737','Leigh','Pierce','31157','327-8792 Nam Avenue','San José del Guaviare'),
  ('19690529-2386','Leah','Nunez','72233','478-8788 Diam. Road','Cork'),
  ('19901227-9866','Arthur','Klein','42756','Ap #324-404 Magna. St.','Queenstown');
INSERT INTO person (person_number,first_name,last_name,zip,street,city)
VALUES
  ('19511009-2888','Alice','Cole','88581','859-1741 Lorem, Avenue','San Nicolás'),
  ('19771128-5093','Yuli','Bell','36447','Ap #625-6541 Donec Rd.','Ipiales'),
  ('19740217-9183','Audrey','Blackwell','70636','P.O. Box 654, 9381 Erat Road','Chongqing'),
  ('20131012-3243','Edward','Bond','54166','821-3055 Commodo Ave','Cajamarca'),
  ('20081124-2783','Madeson','Garrett','72617','Ap #233-2912 Nec, St.','Cheonan'),
  ('19990105-9676','Rhonda','Hess','73756','470-9308 Nulla Av.','Cork'),
  ('20130323-7331','Nissim','Owen','77825','Ap #475-3781 Sollicitudin Road','Bekkerzeel'),
  ('20100215-4548','Jin','Miller','88194','565-8325 Magna. St.','Charsadda'),
  ('19991202-7969','Wade','Payne','14954','Ap #523-8425 Leo, Avenue','Remscheid'),
  ('19820921-3365','Shana','Reyes','57161','Ap #553-8855 Torquent Street','Bremerhaven');
INSERT INTO person (person_number,first_name,last_name,zip,street,city)
VALUES
  ('20011228-7842','Christen','Terrell','88870','7983 Eu St.','Krems an der Donau'),
  ('20061201-7095','Price','Campbell','51724','Ap #996-5896 Mauris Ave','Hattiesburg'),
  ('19820626-9717','Merritt','Washington','62298','P.O. Box 510, 1943 Arcu. St.','Gateshead'),
  ('19760131-4375','Cyrus','Wilkerson','63027','955-7144 Sollicitudin Rd.','Arviat'),
  ('20180323-0075','Dennis','Hester','34274','9813 Auctor Rd.','Palembang'),
  ('19570206-2273','Axel','Serrano','48776','Ap #697-8300 Risus Ave','Mogi das Cruzes'),
  ('19900717-6689','Finn','Washington','61945','P.O. Box 275, 2517 Faucibus St.','Geelong'),
  ('19770529-0406','Rachel','Case','63058','842-4032 Dolor. Street','Gwangmyeong'),
  ('20061106-3231','Burton','Guthrie','98468','832-117 Tincidunt Ave','Cusco'),
  ('19690813-8735','Phelan','Castillo','87840','P.O. Box 981, 3796 Vitae St.','Kumluca');

INSERT INTO student (person_id)
VALUES
  (1),
  (2),
  (3),
  (4),
  (5),
  (6),
  (7),
  (8),
  (9),
  (10),
  (11),
  (12),
  (13),
  (17),
  (18),
  (21),
  (22),
  (23),
  (24),
  (49);

INSERT INTO sibling (student_id,sibling)
VALUES
  (1,2),
  (2,1),
  (3,1),
  (1,3),
  (3,2),
  (2,3),
  (4,5),
  (5,4),
  (6,12),
  (12,6),
  (13, 17),
  (17, 13), 
  (13, 18), 
  (18, 13), 
  (13, 20), 
  (20, 13), 
  (17, 18), 
  (18, 17), 
  (17, 20),
  (20, 17), 
  (18, 20), 
  (20, 18); 

INSERT INTO instructor (teaches_ensemble,person_id)
VALUES
(false,30),
(true,31),
(false,32),
(true,33),
(false,34),
(true,35),
(true,36),
(false,37),
(false,38),
(false,39),
(true,40),
(false,41),
(false,42);

INSERT INTO lesson (location,time_slot,minimum_enrollment,price,payment,instructor_id)
VALUES
  ('Sal A','2023-10-01 08:00:00',1,100,100,2), --indiviual
  ('Sal A','2023-10-05 13:00:00',1,150,150,13),--indiviual
  ('Sal B','2023-10-07 10:00:00',5,221,191,4), --ensemble
  ('Sal 113','2023-10-08 14:00:00',6,243,105,1),
  ('Sal 117','2023-10-10 09:00:00',4,249,161,3),
  ('Sal 114','2023-10-12 16:00:00',2,137,199,4),
  ('Sal 118','2023-10-13 12:00:00',10,198,131,5),
  ('Sal C','2023-10-18 14:00:00',6,272,246,6),
  ('Sal C','2023-10-21 08:00:00',5,230,219,2), --ensemble
  ('Sal A','2023-10-25 17:00:00',1,238,204,1); --indiviual
INSERT INTO lesson (location,time_slot,minimum_enrollment,price,payment,instructor_id)
VALUES
  ('Sal 119','2023-11-01 12:00:00',8,211,290,11), --ensemble
  ('Sal 113','2023-11-04 08:00:00',7,201,275,7),
  ('Sal A','2023-11-10 14:00:00',1,132,291,8), --indiviual
  ('Sal B','2023-11-10 12:00:00',4,268,111,9), 
  ('Sal C','2023-11-12 08:00:00',5,161,224,7), --ensemble
  ('Sal 110','2023-11-14 17:00:00',5,265,220,10),
  ('Sal B','2023-11-18 08:00:00',6,235,103,11),
  ('Sal A','2023-11-21 14:00:00',1,110,226,12), --indiviual
  ('Sal C','2023-11-25 10:00:00',9,206,192,6), --ensemble
  ('Sal 113','2023-11-28 17:00:00',7,266,196,4);
INSERT INTO lesson (location,time_slot,minimum_enrollment,price,payment,instructor_id)
VALUES
  ('Sal A','2023-12-01 08:00:00',1,100,100,2), --indiviual
  ('Sal 112','2023-12-02 10:00:00',3,229,196,5),
  ('Sal 118','2023-12-04 14:00:00',4,234,238,2),
  ('Sal C','2023-12-06 12:00:00',6,252,109,11), --ensemble
  ('Sal 117','2023-12-08 08:00:00',7,165,182,1), 
  ('Sal C','2023-12-12 13:00:00',2,224,187,8),
  ('Sal A','2023-12-15 10:00:00',1,101,110,1), --indiviual
  ('Sal B','2023-12-20 08:00:00',5,216,182,1),
  ('Sal 110','2023-12-22 14:00:00',4,140,230,4),
  ('Sal C','2023-12-26 08:00:00',8,163,202,6), --ensemble
  ('Sal B','2023-12-28 18:00:00',5,229,122,1),
  ('Sal C','2023-12-29 10:00:00',4,163,202,6), --ensemble
  ('Sal C','2023-12-31 10:00:00',4,163,202,11); --ensemble

INSERT INTO student_lesson (lesson_id,student_id)
VALUES
  (1,1),
  (2,2),
  (3,1),
  (3,10),
  (3,15),
  (3,9),
  (3,12),
  (3,5);
INSERT INTO student_lesson (lesson_id,student_id)
VALUES
  (4,2),
  (4,4),
  (4,3),
  (4,17),
  (4,20),
  (4,5),
  (4,9),
  (5,6),
  (5,16),
  (5,17),
  (5,19);
INSERT INTO student_lesson (lesson_id,student_id)
VALUES
  (6,2),
  (6,4),
  (6,3),
  (7,17),
  (7,20),
  (7,5),
  (7,9),
  (7,6),
  (7,16),
  (7,3),
  (7,19);
INSERT INTO student_lesson (lesson_id,student_id)
VALUES
  (7,2),
  (7,4),
  (8,3),
  (8,17),
  (8,20),
  (8,5),
  (8,9),
  (8,6);
INSERT INTO student_lesson (lesson_id,student_id)
VALUES
  (9,2),
  (9,4),
  (9,3),
  (9,17),
  (9,20),
  (10,5);
INSERT INTO student_lesson (lesson_id,student_id)
VALUES
  (11,2),
  (11,4),
  (11,3),
  (11,17),
  (11,20),
  (11,5),
  (11,9),
  (11,6);
INSERT INTO student_lesson (lesson_id,student_id)
VALUES
  (12,9),
  (12,11),
  (12,3),
  (12,18),
  (12,19),
  (12,1),
  (12,6),
  (13,7);
INSERT INTO student_lesson (lesson_id,student_id)
VALUES
  (14,2),
  (14,4),
  (14,3),
  (14,17),
  (15,20),
  (15,5),
  (15,9),
  (15,6),
  (15,16);
INSERT INTO student_lesson (lesson_id,student_id)
VALUES
  (16,2),
  (16,4),
  (16,3),
  (16,17),
  (16,20),
  (17,5),
  (17,9),
  (17,6),
  (17,16),
  (17,17),
  (17,1);
INSERT INTO student_lesson (lesson_id,student_id)
VALUES
  (18,15),
  (19,3),
  (19,17),
  (19,20),
  (19,5),
  (19,9),
  (19,6),
  (19,16),
  (19,12),
  (19,1);
INSERT INTO student_lesson (lesson_id,student_id)
VALUES
  (20,2),
  (20,4),
  (20,3),
  (20,17),
  (20,20),
  (20,5),
  (20,9),
  (21,6);
INSERT INTO student_lesson (lesson_id,student_id)
VALUES
  (22,2),
  (22,4),
  (22,3),
  (23,17),
  (23,20),
  (23,5),
  (23,9),
  (27,6);
INSERT INTO student_lesson (lesson_id,student_id)
VALUES
  (32,2),
  (32,7);
INSERT INTO student_lesson (lesson_id,student_id)
VALUES
  (32,8),
  (32,9),
  (32,16),
  (32,4);

INSERT INTO student_lesson (lesson_id,student_id)
VALUES
  (33,8),
  (33,9),
  (33,16),
  (33,4);

INSERT INTO skill (skill_level)
VALUES
  ('Beginner'),
  ('Intermediate'),
  ('Advanced');

INSERT INTO individual_lesson (lesson_id,instrument,skill_id)
VALUES
  (1,'Guitar',2),
  (2,'Piano',1),
  (10,'Violin',3),
  (13,'Guitar',1),
  (18,'Drums',2),
  (21,'Guitar',3),
  (27,'Violin',3);

INSERT INTO group_lesson (lesson_id,skill_id)
VALUES
  (4,1),
  (5,2),
  (6,2),
  (7,1),
  (8,3),
  (12,1),
  (14,2),
  (16,2),
  (17,2),
  (20,1);

INSERT INTO group_lesson (lesson_id,skill_id)
VALUES
  (22,2),
  (23,1),
  (25,2),
  (26,3),
  (28,2),
  (29,1),
  (31,2);

INSERT INTO ensemble (lesson_id,target_genre,maximum_enrollment)
VALUES
  (3,'Classical',10),
  (9,'Pop',15),
  (11,'Punk Rock',16),
  (15,'Gospel Band',15),
  (19,'Classical',18),
  (24,'Rock',12),
  (30,'Punk Rock',16);

INSERT INTO ensemble (lesson_id,target_genre,maximum_enrollment)
VALUES
  (32,'Gospel',8),
  (33,'Classical',4);